title,date,link,image
Mengejutkan! Oknum TNI AL Gadaikan Motor Rp15 Juta demi Bunuh Jurnalis Juwita Pakai Tangan Kosong,"Selasa, 6 Mei 2025 06:29 WIB",https://www.tribunnews.com/regional/2025/05/06/mengejutkan-oknum-tni-al-gadaikan-motor-rp15-juta-demi-bunuh-jurnalis-juwita-pakai-tangan-kosong,
"Baru Sebulan Menikah, Agus Buntung Dituntut Penjara 12 Tahun, Denda Rp 100 Juta","Selasa, 6 Mei 2025 06:19 WIB",https://www.tribunnews.com/regional/2025/05/06/baru-sebulan-menikah-agus-buntung-dituntut-penjara-12-tahun-denda-rp-100-juta,
Menyambut Senyum Partinem dan 457 Jemaah Haji Disabilitas Lain di Tanah Suci,"Selasa, 6 Mei 2025 06:16 WIB",https://www.tribunnews.com/haji/2025/05/06/menyambut-senyum-partinem-dan-457-jemaah-haji-disabilitas-lain-di-tanah-suci,
"Gemriah Fest 2025 Pecah di Jambi, Dewa 19 Bikin Ribuan Penonton Larut dalam Nostalgia","Selasa, 6 Mei 2025 06:05 WIB",https://www.tribunnews.com/seleb/2025/05/06/gemriah-fest-2025-pecah-di-jambi-dewa-19-bikin-ribuan-penonton-larut-dalam-nostalgia,
"Jadwal Badminton Taipei Open 2025 Hari Ini: 6 Wakil Indonesia Main, Verrel/Lisa Debut","Selasa, 6 Mei 2025 06:04 WIB",https://www.tribunnews.com/sport/2025/05/06/jadwal-badminton-taipei-open-2025-hari-ini-6-wakil-indonesia-main-verrellisa-debut,
"Awas Barcelona, Inter Milan Sudah Punya Rencana Khusus untuk Hentikan Lamine Yamal","Selasa, 6 Mei 2025 06:02 WIB",https://www.tribunnews.com/superskor/2025/05/06/awas-barcelonainter-milan-sudah-punya-rencana-khusus-untuk-hentikan-lamine-yamal,
Sosok Misterius Aldi Monyet Begal Sadis Penembak Aiptu Noval di Makassar,"Selasa, 6 Mei 2025 05:54 WIB",https://www.tribunnews.com/regional/2025/05/06/sosok-misterius-aldi-monyet-begal-sadis-penembak-aiptu-noval-di-makassar,
Jadwal Semifinal Liga Champions Live SCTV: Inter Milan & Barcelona Rebutan Tiket Final Pertama,"Selasa, 6 Mei 2025 05:50 WIB",https://www.tribunnews.com/superskor/2025/05/06/jadwal-semifinal-liga-champions-live-sctv-inter-milan-barcelona-rebutan-tiket-final-pertama,
"Besok Bill Gates ke Indonesia Beri Penghargaan Program MBG, Prabowo Akui Saat Ini Belum Pantas","Selasa, 6 Mei 2025 05:48 WIB",https://www.tribunnews.com/nasional/2025/05/06/besok-bill-gates-ke-indonesia-beri-penghargaan-program-mbg-prabowo-akui-saat-ini-belum-pantas,
"Berjasa bagi Sejarah Perjalanan Kampus, 4 Tokoh Dapat Anugerah Insan Berprestasi UNS 2025","Selasa, 6 Mei 2025 05:38 WIB",https://www.tribunnews.com/nasional/2025/05/06/berjasa-bagi-sejarah-perjalanan-kampus-4-tokoh-dapat-anugerah-insan-berprestasi-uns-2025,
"Lisa Mariana Viral, Barbie Kumalasari Beri Wejangan untuk sang Model, Singgung soal Pergaulan","Selasa, 6 Mei 2025 05:36 WIB",https://www.tribunnews.com/seleb/2025/05/06/lisa-mariana-viral-barbie-kumalasari-beri-wejangan-untuk-sang-model-singgung-soal-pergaulan,
9 Fakta Mengejutkan Kasus Perdagangan Seks Sean 'Diddy' Combs yang Bikin Heboh Amerika,"Selasa, 6 Mei 2025 05:34 WIB",https://www.tribunnews.com/internasional/2025/05/06/9-fakta-mengejutkan-kasus-perdagangan-seks-sean-diddy-combs-yang-bikin-heboh-amerika,
"Soal Usulan Pemakzulan Gibran, Luhut: Ribut-ribut Begitu Kampungan","Selasa, 6 Mei 2025 05:31 WIB",https://www.tribunnews.com/nasional/2025/05/06/soal-usulan-pemakzulan-gibran-luhut-ribut-ribut-begitu-kampungan,
"Gagal Raih Emas, Ketum PBSI dan Taufik Hidayat Tetap Bangga Sambut Kepulangan Tim Piala Sudirman","Selasa, 6 Mei 2025 05:28 WIB",https://www.tribunnews.com/sport/2025/05/06/gagal-raih-emas-ketum-pbsi-dan-taufik-hidayat-tetap-bangga-sambut-kepulangan-tim-piala-sudirman,
"Stok Beras RI Mencapai 3,5 Juta Ton, Mentan Amran Ingatkan Hal Ini ke Bulog","Selasa, 6 Mei 2025 05:26 WIB",https://www.tribunnews.com/bisnis/2025/05/06/stok-beras-ri-mencapai-35-juta-ton-mentan-amran-ingatkan-hal-ini-ke-bulog,
"Bocoran untuk Inter Milan, Kroos Beberkan Kunci Permainan Barcelona, Bukan Raphinha atau Yamal","Selasa, 6 Mei 2025 05:22 WIB",https://www.tribunnews.com/superskor/2025/05/06/bocoran-untuk-inter-milan-kroos-beberkan-kunci-permainan-barcelona-bukan-raphinha-atau-yamal,
"Maskapai Global Putar Arah, Cari Rute Baru demi Hindari Wilayah Konflik India-Pakistan","Selasa, 6 Mei 2025 05:17 WIB",https://www.tribunnews.com/internasional/2025/05/06/maskapai-global-putar-arah-cari-rute-baru-demi-hindari-wilayah-konflik-india-pakistan,
"7 Orang Tewas dalam Kecelakaan Tragis Dekat Yellowstone, Van Tur dan Truk Terbakar di Idaho","Selasa, 6 Mei 2025 05:14 WIB",https://www.tribunnews.com/internasional/2025/05/06/7-orang-tewas-dalam-kecelakaan-tragis-dekat-yellowstone-van-tur-dan-truk-terbakar-di-idaho,
"Kasus Suap Proyek PLTU 2 Cirebon Terseret hingga Korea Selatan, Kantor Pusat Hyundai E&C Digeledah","Selasa, 6 Mei 2025 05:04 WIB",https://www.tribunnews.com/nasional/2025/05/06/kasus-suap-proyek-pltu-2-cirebon-terseret-hingga-korea-selatan-kantor-pusat-hyundai-ec-digeledah,
"Prabowo Akui 200 Kasus Keracunan di Program Makan Bergizi Gratis, Tapi Keberhasilan 99,9 Persen","Selasa, 6 Mei 2025 03:27 WIB",https://www.tribunnews.com/nasional/2025/05/06/prabowo-akui-200-kasus-keracunan-di-program-makan-bergizi-gratis-tapi-keberhasilan-999-persen,
Mengejutkan! Oknum TNI AL Gadaikan Motor Rp15 Juta demi Bunuh Jurnalis Juwita Pakai Tangan Kosong,"Selasa, 6 Mei 2025 06:29 WIB",https://www.tribunnews.com/regional/2025/05/06/mengejutkan-oknum-tni-al-gadaikan-motor-rp15-juta-demi-bunuh-jurnalis-juwita-pakai-tangan-kosong,
"Baru Sebulan Menikah, Agus Buntung Dituntut Penjara 12 Tahun, Denda Rp 100 Juta","Selasa, 6 Mei 2025 06:19 WIB",https://www.tribunnews.com/regional/2025/05/06/baru-sebulan-menikah-agus-buntung-dituntut-penjara-12-tahun-denda-rp-100-juta,
Menyambut Senyum Partinem dan 457 Jemaah Haji Disabilitas Lain di Tanah Suci,"Selasa, 6 Mei 2025 06:16 WIB",https://www.tribunnews.com/haji/2025/05/06/menyambut-senyum-partinem-dan-457-jemaah-haji-disabilitas-lain-di-tanah-suci,
"Gemriah Fest 2025 Pecah di Jambi, Dewa 19 Bikin Ribuan Penonton Larut dalam Nostalgia","Selasa, 6 Mei 2025 06:05 WIB",https://www.tribunnews.com/seleb/2025/05/06/gemriah-fest-2025-pecah-di-jambi-dewa-19-bikin-ribuan-penonton-larut-dalam-nostalgia,
"Jadwal Badminton Taipei Open 2025 Hari Ini: 6 Wakil Indonesia Main, Verrel/Lisa Debut","Selasa, 6 Mei 2025 06:04 WIB",https://www.tribunnews.com/sport/2025/05/06/jadwal-badminton-taipei-open-2025-hari-ini-6-wakil-indonesia-main-verrellisa-debut,
"Awas Barcelona, Inter Milan Sudah Punya Rencana Khusus untuk Hentikan Lamine Yamal","Selasa, 6 Mei 2025 06:02 WIB",https://www.tribunnews.com/superskor/2025/05/06/awas-barcelonainter-milan-sudah-punya-rencana-khusus-untuk-hentikan-lamine-yamal,
Sosok Misterius Aldi Monyet Begal Sadis Penembak Aiptu Noval di Makassar,"Selasa, 6 Mei 2025 05:54 WIB",https://www.tribunnews.com/regional/2025/05/06/sosok-misterius-aldi-monyet-begal-sadis-penembak-aiptu-noval-di-makassar,
Jadwal Semifinal Liga Champions Live SCTV: Inter Milan & Barcelona Rebutan Tiket Final Pertama,"Selasa, 6 Mei 2025 05:50 WIB",https://www.tribunnews.com/superskor/2025/05/06/jadwal-semifinal-liga-champions-live-sctv-inter-milan-barcelona-rebutan-tiket-final-pertama,
"Besok Bill Gates ke Indonesia Beri Penghargaan Program MBG, Prabowo Akui Saat Ini Belum Pantas","Selasa, 6 Mei 2025 05:48 WIB",https://www.tribunnews.com/nasional/2025/05/06/besok-bill-gates-ke-indonesia-beri-penghargaan-program-mbg-prabowo-akui-saat-ini-belum-pantas,
"Berjasa bagi Sejarah Perjalanan Kampus, 4 Tokoh Dapat Anugerah Insan Berprestasi UNS 2025","Selasa, 6 Mei 2025 05:38 WIB",https://www.tribunnews.com/nasional/2025/05/06/berjasa-bagi-sejarah-perjalanan-kampus-4-tokoh-dapat-anugerah-insan-berprestasi-uns-2025,
"Lisa Mariana Viral, Barbie Kumalasari Beri Wejangan untuk sang Model, Singgung soal Pergaulan","Selasa, 6 Mei 2025 05:36 WIB",https://www.tribunnews.com/seleb/2025/05/06/lisa-mariana-viral-barbie-kumalasari-beri-wejangan-untuk-sang-model-singgung-soal-pergaulan,
9 Fakta Mengejutkan Kasus Perdagangan Seks Sean 'Diddy' Combs yang Bikin Heboh Amerika,"Selasa, 6 Mei 2025 05:34 WIB",https://www.tribunnews.com/internasional/2025/05/06/9-fakta-mengejutkan-kasus-perdagangan-seks-sean-diddy-combs-yang-bikin-heboh-amerika,
"Soal Usulan Pemakzulan Gibran, Luhut: Ribut-ribut Begitu Kampungan","Selasa, 6 Mei 2025 05:31 WIB",https://www.tribunnews.com/nasional/2025/05/06/soal-usulan-pemakzulan-gibran-luhut-ribut-ribut-begitu-kampungan,
"Gagal Raih Emas, Ketum PBSI dan Taufik Hidayat Tetap Bangga Sambut Kepulangan Tim Piala Sudirman","Selasa, 6 Mei 2025 05:28 WIB",https://www.tribunnews.com/sport/2025/05/06/gagal-raih-emas-ketum-pbsi-dan-taufik-hidayat-tetap-bangga-sambut-kepulangan-tim-piala-sudirman,
"Stok Beras RI Mencapai 3,5 Juta Ton, Mentan Amran Ingatkan Hal Ini ke Bulog","Selasa, 6 Mei 2025 05:26 WIB",https://www.tribunnews.com/bisnis/2025/05/06/stok-beras-ri-mencapai-35-juta-ton-mentan-amran-ingatkan-hal-ini-ke-bulog,
"Bocoran untuk Inter Milan, Kroos Beberkan Kunci Permainan Barcelona, Bukan Raphinha atau Yamal","Selasa, 6 Mei 2025 05:22 WIB",https://www.tribunnews.com/superskor/2025/05/06/bocoran-untuk-inter-milan-kroos-beberkan-kunci-permainan-barcelona-bukan-raphinha-atau-yamal,
"Maskapai Global Putar Arah, Cari Rute Baru demi Hindari Wilayah Konflik India-Pakistan","Selasa, 6 Mei 2025 05:17 WIB",https://www.tribunnews.com/internasional/2025/05/06/maskapai-global-putar-arah-cari-rute-baru-demi-hindari-wilayah-konflik-india-pakistan,
"7 Orang Tewas dalam Kecelakaan Tragis Dekat Yellowstone, Van Tur dan Truk Terbakar di Idaho","Selasa, 6 Mei 2025 05:14 WIB",https://www.tribunnews.com/internasional/2025/05/06/7-orang-tewas-dalam-kecelakaan-tragis-dekat-yellowstone-van-tur-dan-truk-terbakar-di-idaho,
"Kasus Suap Proyek PLTU 2 Cirebon Terseret hingga Korea Selatan, Kantor Pusat Hyundai E&C Digeledah","Selasa, 6 Mei 2025 05:04 WIB",https://www.tribunnews.com/nasional/2025/05/06/kasus-suap-proyek-pltu-2-cirebon-terseret-hingga-korea-selatan-kantor-pusat-hyundai-ec-digeledah,
"Prabowo Akui 200 Kasus Keracunan di Program Makan Bergizi Gratis, Tapi Keberhasilan 99,9 Persen","Selasa, 6 Mei 2025 03:27 WIB",https://www.tribunnews.com/nasional/2025/05/06/prabowo-akui-200-kasus-keracunan-di-program-makan-bergizi-gratis-tapi-keberhasilan-999-persen,
